books.internal_id,classification_values.value,classification_values.value,classification_values.value,classification_values.value,classification_values.value,book_keywords.keyword,collections.name,books.physical_type,books.title,books.subtitle,books.translated_title,books.palm_code,book_relationships.relationship_code,book_relationships.relationship_code,book_relationships.relationship_code,book_relationships.relationship_type,books.publication_year,creators.name,creators.name,creators.name,creators.name,book_creators.role_description,creators.name,book_creators.role_description,creators.name,creators.name,creators.name,creators.name,creators.name,publishers.name,publishers.program_name,books.pages,languages.name,languages.code,languages.name,languages.code,geographic_locations.name,geographic_locations.name,classification_values.value,books.vla_standard,books.vla_benchmark,books.toc,books.notes_issue,??????,books.notes_content,??????,books.description,books.access_level,book_files.digital_source,book_files.filename,book_files.filename,[NOT_STORED],book_files.filename,book_files.filename,book_files.digital_source,book_files.filename,book_files.external_url,books.contact,library_references.reference_number,library_references.catalog_link,library_references.call_number,??????,??????,??????,??????,??????,??????,??????,??????,??????,??????
ID,Purpose,Genre,Sub-genre,Type,Themes/Uses,Keywords,Collection,Physical type,Title,Sub-title,Translated-title,PALM code,Related (same),Related (omnibus),Related (support),Related (translated),Year,Author,Author2,Author3,Other creator,Other creator ROLE,Other creator2,Other creator2 ROLE,Illustrator,Illustrator2,Illustrator3,Illustrator4,Illustrator5,Publisher,Contributor / Project / Partner,Pages,Language 1,ISO (Language 1),Language 2,ISO (Language 2),Island,State,Learner level,VLA standard,VLA benchmark,TOC,Notes related to the issue.,Notes related to version.,Notes related to content.,DESCRIPTION,ABSTRACT,UPLOADED,DIGITAL SOURCE (WHERE IS THE PDF FROM),DOCUMENT FILENAME,THUMBNAIL FILENAME,Name match check,ALTERNATIVE DOCUMENT FILENAME,ALTERNATIVE THUMBNAIL FILENAME,ALTERNATIVE DIGITAL SOURCE (WHERE IS THE PDF FROM),Coupled audio,Coupled video,CONTACT,Library link UH,Library link UH alt.,Library link COM-FSM,Library link COM-FSM alt.,Library link MARC,Library link MARC alt.,Library link MICSEM,Library link MICSEM alt.,Library link 5,Library link 5 alt.,OLLC number,ISBN number,Other number
P011-a,Literacy development,Narrative readers,Developing and fluent readers,Fictional story,,,PALM trial,Booklet,Anapet me ewe chóón nááng,(trial version),[Anapet and the angel],TAW3,P011,,,*TRUE if Translated-title identical*,1978, ,,,"William, Alvios",retold by,,,"Stone, Starla",,,,,"UH Social Science Research Institute (SSRI), University of Hawaii at Manoa",Pacific Area Language Materials Development Center,unknown,Chuukese,chk,,,Chuuk Lagoon,Chuuk State,,,,, ,"""Trial version"" stamped on covers.",,"This title is part of the PALM (Pacific Area Languages Materials) collection, a series of literacy and educational resources produced mainly in the 1970s–1990s to support learning in the indigenous languages of Micronesia. While PALM books often feature short narratives or culturally grounded lessons with simple illustrations, the series also includes translated foreign stories—such as fairytales and fables—and a range of non-fiction texts. Written entirely in Chuukese and intended for elementary students, this book supports reading fluency, vocabulary development, and cultural relevance by providing accessible, locally meaningful texts within a structured instructional sequence.",  ,N,,,,TRUE,,,,,,irei@islandresearch.org,https://uhawaii-manoa.primo.exlibrisgroup.com/permalink/01UHAWAII_MANOA/1j16209/alma998595934605682,,https://library.comfsm.fm/webopac/titleinfo?k1=1263277&k2=150650&k3=42375,,,,,,,,,,
P011-d,Literacy development,Narrative readers,Developing and fluent readers,Fictional story,,,PALM CD,CD-ROM  ,Anapet me ewe chóón nááng,(CD-ROM version),[Anapet and the angel],TAW3,P011,,,*TRUE if Translated-title identical*,1999,,,,"William, Alvios",retold by,,,"Stone, Starla",,,,,"UH Social Science Research Institute (SSRI), University of Hawaii at Manoa",Pacific Area Language Materials Development Center,n/a,Chuukese,chk,,,Chuuk Lagoon,Chuuk State,,,,, ,,,"This title is part of the PALM (Pacific Area Languages Materials) collection, a series of literacy and educational resources produced mainly in the 1970s–1990s to support learning in the indigenous languages of Micronesia. While PALM books often feature short narratives or culturally grounded lessons with simple illustrations, the series also includes translated foreign stories—such as fairytales and fables—and a range of non-fiction texts. Written entirely in Chuukese and intended for elementary students, this book supports reading fluency, vocabulary development, and cultural relevance by providing accessible, locally meaningful texts within a structured instructional sequence.",  ,Y,"PDF created by iREi (2025) by extracting and formatting content from the PALM CD-ROM (1999), a collection of educational materials in Carolinian, Chamorro, Chuukese, Kosraen, Marshallese, Palauan, Pohnpeian, Samoan, Ulithian, Woleaian, and Yapese languages.T",PALM CD - Chuukese - Anapet me ewe chóón nááng,PALM CD - Chuukese - Anapet me ewe chóón nááng,TRUE,,,,,,irei@islandresearch.org,https://uhawaii-manoa.primo.exlibrisgroup.com/permalink/01UHAWAII_MANOA/1j16209/alma9921588724605682,,http://library.comfsm.fm/webopac/titleinfo?k1=1043599&k2=51499,,,,,,,,,,
P012-a,Literacy development,Narrative readers,Emerging and early readers,Cultural story,,,PALM trial,Booklet,Angaangan non famini,(trial version),[Duties in the family],TAW10,P012,,,*TRUE if Translated-title identical*,1979,"William, Alvios",,,,,,,"Mathias, Iwish",,,,,"UH Social Science Research Institute (SSRI), University of Hawaii at Manoa",Pacific Area Language Materials Development Center,unknown,Chuukese,chk,,,Chuuk Lagoon,Chuuk State,,,,, ,"""Trial version"" stamped on covers.",,"This title is part of the PALM (Pacific Area Languages Materials) collection, a series of literacy and educational resources produced mainly in the 1970s–1990s to support learning in the indigenous languages of Micronesia. While PALM books often feature short narratives or culturally grounded lessons with simple illustrations, the series also includes translated foreign stories—such as fairytales and fables—and a range of non-fiction texts. Written entirely in Chuukese and intended for elementary students, this book supports reading fluency, vocabulary development, and cultural relevance by providing accessible, locally meaningful texts within a structured instructional sequence.","This booklet tells the story of Chiro's family life. It explains how Chiro's parents share responsibilities at home. The mother and father each have their own tasks, and Chiro and his two sisters also have their own duties. Chiro’s family life is not only about cleaning the house, farming even cooks together, they also enjoy spending their free time on vacations. This book is suitable for children because it shows an example of an ideal family and teaches good values.",N,,,,TRUE,,,,,,irei@islandresearch.org,https://uhawaii-manoa.primo.exlibrisgroup.com/permalink/01UHAWAII_MANOA/1j16209/alma9929898474605682,,https://library.comfsm.fm/webopac/titleinfo?highlight=yes&adv=1&k2=150644,,,,,,,,,,
P012-d,Literacy development,Narrative readers,Emerging and early readers,Cultural story,,,PALM CD,CD-ROM  ,Angaangan non famini,(CD-ROM version),[Duties in the family],TAW10,P012,,,*TRUE if Translated-title identical*,1999,"William, Alvios",,,,,,,"Mathias, Iwish",,,,,"UH Social Science Research Institute (SSRI), University of Hawaii at Manoa",Pacific Area Language Materials Development Center,n/a,Chuukese,chk,,,Chuuk Lagoon,Chuuk State,,,,, ,,,"This title is part of the PALM (Pacific Area Languages Materials) collection, a series of literacy and educational resources produced mainly in the 1970s–1990s to support learning in the indigenous languages of Micronesia. While PALM books often feature short narratives or culturally grounded lessons with simple illustrations, the series also includes translated foreign stories—such as fairytales and fables—and a range of non-fiction texts. Written entirely in Chuukese and intended for elementary students, this book supports reading fluency, vocabulary development, and cultural relevance by providing accessible, locally meaningful texts within a structured instructional sequence.","This booklet tells the story of Chiro's family life. It explains how Chiro's parents share responsibilities at home. The mother and father each have their own tasks, and Chiro and his two sisters also have their own duties. Chiro’s family life is not only about cleaning the house, farming even cooks together, they also enjoy spending their free time on vacations. This book is suitable for children because it shows an example of an ideal family and teaches good values.",Y,"PDF created by iREi (2025) by extracting and formatting content from the PALM CD-ROM (1999), a collection of educational materials in Carolinian, Chamorro, Chuukese, Kosraen, Marshallese, Palauan, Pohnpeian, Samoan, Ulithian, Woleaian, and Yapese languages.T",PALM CD - Chuukese - Angaangan non famini,PALM CD - Chuukese - Angaangan non famini,TRUE,,,,,,irei@islandresearch.org,https://uhawaii-manoa.primo.exlibrisgroup.com/permalink/01UHAWAII_MANOA/1j16209/alma9921588724605682,,http://library.comfsm.fm/webopac/titleinfo?k1=1043599&k2=51499,,,,,,,,,,
P013-a,Concept materials,Basic numeracy,Number recognition,Counting,,,PALM trial,Booklet,Ánneá reen mettóóch mei kukkumos,(trial version),[Counting round things],TRJ32,P013,,,*TRUE if Translated-title identical*,1979,"Johnny, Rioichy",,,,,,,"Mathias, Iwish",,,,,"UH Social Science Research Institute (SSRI), University of Hawaii at Manoa",Pacific Area Language Materials Development Center,unknown,Chuukese,chk,,,Chuuk Lagoon,Chuuk State,,,,, ,"""Trial version"" stamped on covers.",,"This title is part of the PALM (Pacific Area Languages Materials) collection, a series of literacy and educational resources produced mainly in the 1970s–1990s to support learning in the indigenous languages of Micronesia. While PALM books often feature short narratives or culturally grounded lessons with simple illustrations, the series also includes translated foreign stories—such as fairytales and fables—and a range of non-fiction texts. Written entirely in Chuukese and intended for elementary students, this book supports reading fluency, vocabulary development, and cultural relevance by providing accessible, locally meaningful texts within a structured instructional sequence.",  ,N,,,,TRUE,,,,,,irei@islandresearch.org,https://uhawaii-manoa.primo.exlibrisgroup.com/permalink/01UHAWAII_MANOA/1j16209/alma9929898474605682,,https://library.comfsm.fm/webopac/titleinfo?highlight=yes&adv=1&k2=150645,,,,,,,,,,
P013-d,Concept materials,Basic numeracy,Number recognition,Counting,,,PALM CD,CD-ROM  ,Ánneá reen mettóóch mei kukkumos,(CD-ROM version),[Counting round things],TRJ32,P013,,,*TRUE if Translated-title identical*,1999,"Johnny, Rioichy",,,,,,,"Mathias, Iwish",,,,,"UH Social Science Research Institute (SSRI), University of Hawaii at Manoa",Pacific Area Language Materials Development Center,n/a,Chuukese,chk,,,Chuuk Lagoon,Chuuk State,,,,, ,,,"This title is part of the PALM (Pacific Area Languages Materials) collection, a series of literacy and educational resources produced mainly in the 1970s–1990s to support learning in the indigenous languages of Micronesia. While PALM books often feature short narratives or culturally grounded lessons with simple illustrations, the series also includes translated foreign stories—such as fairytales and fables—and a range of non-fiction texts. Written entirely in Chuukese and intended for elementary students, this book supports reading fluency, vocabulary development, and cultural relevance by providing accessible, locally meaningful texts within a structured instructional sequence.",  ,Y,"PDF created by iREi (2025) by extracting and formatting content from the PALM CD-ROM (1999), a collection of educational materials in Carolinian, Chamorro, Chuukese, Kosraen, Marshallese, Palauan, Pohnpeian, Samoan, Ulithian, Woleaian, and Yapese languages.T",PALM CD - Chuukese - Ánneá reen mettóóch mei kukkumos,PALM CD - Chuukese - Ánneá reen mettóóch mei kukkumos,TRUE,,,,,,irei@islandresearch.org,https://uhawaii-manoa.primo.exlibrisgroup.com/permalink/01UHAWAII_MANOA/1j16209/alma9921588724605682,,http://library.comfsm.fm/webopac/titleinfo?k1=1043599&k2=51499,,,,,,,,,,
P014-a,Literacy development,Narrative readers,Proficient and critical readers,Folk tale,,,PALM trial,Booklet,Beaq ni ba moqon ngea ba raan' i moongkii,(trial version),[A man and a troop of monkeys],YBY6,P014,,,*TRUE if Translated-title identical*,1979,,,,"Yiftheg, Bernard",retold by,,,"Fithing, Robert",,,,,"UH Social Science Research Institute (SSRI), University of Hawaii at Manoa",Pacific Area Language Materials Development Center,8,Yapese,yap,,,Yap,Yap State,,,,, ,"""Trial version"" stamped on covers.",,"This title is part of the PALM (Pacific Area Languages Materials) collection, a series of literacy and educational resources produced mainly in the 1970s–1990s to support learning in the indigenous languages of Micronesia. While PALM books often feature short narratives or culturally grounded lessons with simple illustrations, the series also includes translated foreign stories—such as fairytales and fables—and a range of non-fiction texts. Written entirely in Yapese and intended for elementary students, this book supports reading fluency, vocabulary development, and cultural relevance by providing accessible, locally meaningful texts within a structured instructional sequence.",  ,N,,,,TRUE,,,,,,irei@islandresearch.org,https://uhawaii-manoa.primo.exlibrisgroup.com/permalink/01UHAWAII_MANOA/1j16209/alma998597064605682,,https://library.comfsm.fm/webopac/titleinfo?highlight=yes&adv=1&k2=150717,,,,,,,,,,
P014-c,Literacy development,Narrative readers,Proficient and critical readers,Folk tale,,,PALM final,Booklet,Beaq ni ba moqon ngea ba raan' i moongkii,/final version/,[A man and a troop of monkeys],YBY6,P014,,,*TRUE if Translated-title identical*,1980,,,,"Yiftheg, Bernard",retold by,,,"Fithing, Robert",,,,,"UH Social Science Research Institute (SSRI), University of Hawaii at Manoa",Pacific Area Language Materials Development Center,8,Yapese,yap,,,Yap,Yap State,,,,, ,,,"This title is part of the PALM (Pacific Area Languages Materials) collection, a series of literacy and educational resources produced mainly in the 1970s–1990s to support learning in the indigenous languages of Micronesia. While PALM books often feature short narratives or culturally grounded lessons with simple illustrations, the series also includes translated foreign stories—such as fairytales and fables—and a range of non-fiction texts. Written entirely in Yapese and intended for elementary students, this book supports reading fluency, vocabulary development, and cultural relevance by providing accessible, locally meaningful texts within a structured instructional sequence.",  ,Y,"PDF created by iREi (2025). Digitized from a hard copy courtesy of the Micronesian Seminar Library, with special thanks to librarian Melba Veloso. Scanning conducted by Aden Suwel and Koh Ming Wei in Yap in March 2025.",PALM - Printed - YAPESE - Beaq Ni Ba Moqon Ngea Ba Raanʻ I Moongkii,PALM - Printed - YAPESE - Beaq Ni Ba Moqon Ngea Ba Raanʻ I Moongkii,TRUE,,,,,,irei@islandresearch.org,Not available in this library.,https://uhawaii-manoa.primo.exlibrisgroup.com/permalink/01UHAWAII_MANOA/1j16209/alma998597064605682,Not available in this library.,https://library.comfsm.fm/webopac/titleinfo?highlight=yes&adv=1&k2=150717,,,,,,,,,
P014-d,Literacy development,Narrative readers,Proficient and critical readers,Folk tale,,,PALM CD,CD-ROM  ,Beaq ni ba moqon ngea ba raan' i moongkii,(CD-ROM version),[A man and a troop of monkeys],YBY6,P014,,,*TRUE if Translated-title identical*,1999,,,,"Yiftheg, Bernard",retold by,,,"Fithing, Robert",,,,,"UH Social Science Research Institute (SSRI), University of Hawaii at Manoa",Pacific Area Language Materials Development Center,n/a,Yapese,yap,,,Yap,Yap State,,,,, ,,,"This title is part of the PALM (Pacific Area Languages Materials) collection, a series of literacy and educational resources produced mainly in the 1970s–1990s to support learning in the indigenous languages of Micronesia. While PALM books often feature short narratives or culturally grounded lessons with simple illustrations, the series also includes translated foreign stories—such as fairytales and fables—and a range of non-fiction texts. Written entirely in Yapese and intended for elementary students, this book supports reading fluency, vocabulary development, and cultural relevance by providing accessible, locally meaningful texts within a structured instructional sequence.",  ,Y,"PDF created by iREi (2025) by extracting and formatting content from the PALM CD-ROM (1999), a collection of educational materials in Carolinian, Chamorro, Chuukese, Kosraen, Marshallese, Palauan, Pohnpeian, Samoan, Ulithian, Woleaian, and Yapese languages.T",PALM CD - Yapese - Beaq ni ba moqon ngea ba raan' i moongkii,PALM CD - Yapese - Beaq ni ba moqon ngea ba raan' i moongkii,TRUE,,,,,,irei@islandresearch.org,https://uhawaii-manoa.primo.exlibrisgroup.com/permalink/01UHAWAII_MANOA/1j16209/alma9921588724605682,,http://library.comfsm.fm/webopac/titleinfo?k1=1043599&k2=51499,,,,,,,,,,
P015-a,Literacy development,Narrative readers,Developing and fluent readers,Everyday story,,,PALM trial,Comic,Bitiir u sukuul ngea seenseey rooraed,(trial version),[Students and their teacher],YJC6b,P015,,,*TRUE if Translated-title identical*,1978,"Gilmar, Maelynn",,,,,,,"Gilmar, Maelynn",,,,,"UH Social Science Research Institute (SSRI), University of Hawaii at Manoa",Pacific Area Language Materials Development Center,12,Yapese,yap,,,Yap,Yap State,,,,, ,"""Trial version"" stamped on covers.",,"This title is part of the PALM (Pacific Area Languages Materials) collection, a series of literacy and educational resources produced mainly in the 1970s–1990s to support learning in the indigenous languages of Micronesia. While PALM books often feature short narratives or culturally grounded lessons with simple illustrations, the series also includes translated foreign stories—such as fairytales and fables—and a range of non-fiction texts. Written entirely in Yapese and intended for elementary students, this book supports reading fluency, vocabulary development, and cultural relevance by providing accessible, locally meaningful texts within a structured instructional sequence.",  ,Y,"PDF created by iREi (2025). Digitized from a hard copy courtesy of the COM-FSM Library, with special thanks to librarian Scarlett Lebehn. Scanning conducted by Belinda Welles in Pohnpei in September 2025.",PALM - Printed [Trial version] - YAPESE - Bitiir U Sukuul Ngae Seenseey Rooraed (YJC6b),PALM - Printed [Trial version] - YAPESE - Bitiir U Sukuul Ngae Seenseey Rooraed (YJC6b),TRUE,,,,,,irei@islandresearch.org,https://uhawaii-manoa.primo.exlibrisgroup.com/permalink/01UHAWAII_MANOA/1j16209/alma998597044605682,,https://library.comfsm.fm/webopac/titleinfo?highlight=yes&adv=1&k2=150715,,,,,,,,,,
P015-d,Literacy development,Narrative readers,Developing and fluent readers,Everyday story,,,PALM CD,CD-ROM  ,Bitiir u sukuul ngea seenseey rooraed,(CD-ROM version),[Students and their teacher],YJC6b,P015,,,*TRUE if Translated-title identical*,1999,"Gilmar, Maelynn",,,,,,,"Gilmar, Maelynn",,,,,"UH Social Science Research Institute (SSRI), University of Hawaii at Manoa",Pacific Area Language Materials Development Center,n/a,Yapese,yap,,,Yap,Yap State,,,,, ,,,"This title is part of the PALM (Pacific Area Languages Materials) collection, a series of literacy and educational resources produced mainly in the 1970s–1990s to support learning in the indigenous languages of Micronesia. While PALM books often feature short narratives or culturally grounded lessons with simple illustrations, the series also includes translated foreign stories—such as fairytales and fables—and a range of non-fiction texts. Written entirely in Yapese and intended for elementary students, this book supports reading fluency, vocabulary development, and cultural relevance by providing accessible, locally meaningful texts within a structured instructional sequence.",  ,Y,"PDF created by iREi (2025) by extracting and formatting content from the PALM CD-ROM (1999), a collection of educational materials in Carolinian, Chamorro, Chuukese, Kosraen, Marshallese, Palauan, Pohnpeian, Samoan, Ulithian, Woleaian, and Yapese languages.T",PALM CD - Yapese - Bitiir u sukuul ngea seenseey rooraed,PALM CD - Yapese - Bitiir u sukuul ngea seenseey rooraed,TRUE,,,,,,irei@islandresearch.org,https://uhawaii-manoa.primo.exlibrisgroup.com/permalink/01UHAWAII_MANOA/1j16209/alma9921588724605682,,http://library.comfsm.fm/webopac/titleinfo?k1=1043599&k2=51499,,,,,,,,,,
P016-a,Core instructional,Textbook readers,Science,Life sciences and environment,/,/,PALM trial,Textbook,Boechi kea baabiyorean ea yafas,(trial version),[Our science book—Life science],YBY3,P016,,YSCI,*TRUE if Translated-title identical*,1979,"Yiftheg, Bernard",,,,,,,"Goodenow, Joy L.",,,,,"UH Social Science Research Institute (SSRI), University of Hawaii at Manoa",Pacific Area Language Materials Development Center,22,Yapese,yap,,,Yap,Yap State,Grade 2,,,, ,"""Trial version"" stamped on covers.",,"This title is part of the PALM (Pacific Area Languages Materials) collection, a series of literacy and educational resources produced mainly in the 1970s–1990s to support learning in the indigenous languages of Micronesia. While PALM books often feature short narratives or culturally grounded lessons with simple illustrations, the series also includes translated foreign stories—such as fairytales and fables—and a range of non-fiction texts. Written entirely in Yapese and intended for elementary students, this book supports reading fluency, vocabulary development, and cultural relevance by providing accessible, locally meaningful texts within a structured instructional sequence.",  ,N,,,,TRUE,,,,,,irei@islandresearch.org,https://uhawaii-manoa.primo.exlibrisgroup.com/permalink/01UHAWAII_MANOA/1j16209/alma995356494605682,,https://library.comfsm.fm/webopac/titleinfo?highlight=yes&adv=1&k2=148927,,,,,,,,,,
P016-c,Core instructional,Textbook readers,Science,Life sciences and environment,/,/,PALM final,Textbook,Boechi kea baabiyorean ea yafas,/final version/,[Our science book—Life science],YBY3,P016,,YSCI,*TRUE if Translated-title identical*,1979,"Yiftheg, Bernard",,,,,,,"Goodenow, Joy L.",,,,,"UH Social Science Research Institute (SSRI), University of Hawaii at Manoa",Pacific Area Language Materials Development Center,22,Yapese,yap,,,Yap,Yap State,Grade 2,,,, ,,,"This title is part of the PALM (Pacific Area Languages Materials) collection, a series of literacy and educational resources produced mainly in the 1970s–1990s to support learning in the indigenous languages of Micronesia. While PALM books often feature short narratives or culturally grounded lessons with simple illustrations, the series also includes translated foreign stories—such as fairytales and fables—and a range of non-fiction texts. Written entirely in Yapese and intended for elementary students, this book supports reading fluency, vocabulary development, and cultural relevance by providing accessible, locally meaningful texts within a structured instructional sequence.",  ,Y,"PDF created by iREi (2025). Digitized from a hard copy courtesy of the Micronesian Seminar Library, with special thanks to librarian Melba Veloso. Scanning conducted by Aden Suwel and Koh Ming Wei in Yap in March 2025.",PALM - Printed - YAPESE - Beech kea Baabiyorean ea Yafas - Gr2,PALM - Printed - YAPESE - Beech kea Baabiyorean ea Yafas - Gr2,TRUE,,,,,,irei@islandresearch.org,Not available in this library.,https://uhawaii-manoa.primo.exlibrisgroup.com/permalink/01UHAWAII_MANOA/1j16209/alma995356494605682,Not available in this library.,https://library.comfsm.fm/webopac/titleinfo?highlight=yes&adv=1&k2=148927,,,,,,,,,
P016-d,Core instructional,Textbook readers,Science,Life sciences and environment,/,/,PALM CD,CD-ROM  ,Boechi kea baabiyorean ea yafas,(CD-ROM version),[Our science book—Life science],YBY3,P016,,YSCI,*TRUE if Translated-title identical*,1999,"Yiftheg, Bernard",,,,,,,"Goodenow, Joy L.",,,,,"UH Social Science Research Institute (SSRI), University of Hawaii at Manoa",Pacific Area Language Materials Development Center,n/a,Yapese,yap,,,Yap,Yap State,,,,, ,,,"This title is part of the PALM (Pacific Area Languages Materials) collection, a series of literacy and educational resources produced mainly in the 1970s–1990s to support learning in the indigenous languages of Micronesia. While PALM books often feature short narratives or culturally grounded lessons with simple illustrations, the series also includes translated foreign stories—such as fairytales and fables—and a range of non-fiction texts. Written entirely in Yapese and intended for elementary students, this book supports reading fluency, vocabulary development, and cultural relevance by providing accessible, locally meaningful texts within a structured instructional sequence.",  ,Y,"PDF created by iREi (2025) by extracting and formatting content from the PALM CD-ROM (1999), a collection of educational materials in Carolinian, Chamorro, Chuukese, Kosraen, Marshallese, Palauan, Pohnpeian, Samoan, Ulithian, Woleaian, and Yapese languages.T",PALM CD - Yapese - Boechi kea baabiyorean ea yafas,PALM CD - Yapese - Boechi kea baabiyorean ea yafas,TRUE,,,,,,irei@islandresearch.org,https://uhawaii-manoa.primo.exlibrisgroup.com/permalink/01UHAWAII_MANOA/1j16209/alma9921588724605682,,http://library.comfsm.fm/webopac/titleinfo?k1=1043599&k2=51499,,,,,,,,,,
P017-a,Literacy development,Narrative readers,Developing and fluent readers,Fictional story,,,PALM trial,Comic,Boechii pagel,(trial version),[A boy],unavailable,P017,,,*TRUE if Translated-title identical*,1978,Falownug,,,,,,,Falownug,,,,,"UH Social Science Research Institute (SSRI), University of Hawaii at Manoa",Pacific Area Language Materials Development Center,unknown,Yapese,yap,,,Yap,Yap State,,,,, ,"""Trial version"" stamped on covers.",,"This title is part of the PALM (Pacific Area Languages Materials) collection, a series of literacy and educational resources produced mainly in the 1970s–1990s to support learning in the indigenous languages of Micronesia. While PALM books often feature short narratives or culturally grounded lessons with simple illustrations, the series also includes translated foreign stories—such as fairytales and fables—and a range of non-fiction texts. Written entirely in Yapese and intended for elementary students, this book supports reading fluency, vocabulary development, and cultural relevance by providing accessible, locally meaningful texts within a structured instructional sequence.",  ,N,,,,TRUE,,,,,,irei@islandresearch.org,https://uhawaii-manoa.primo.exlibrisgroup.com/permalink/01UHAWAII_MANOA/1j16209/alma998597044605682,,https://library.comfsm.fm/webopac/titleinfo?highlight=yes&adv=1&k2=150715,,,,,,,,,,
P017-d,Literacy development,Narrative readers,Developing and fluent readers,Fictional story,,,PALM CD,CD-ROM  ,Boechii pagel,(CD-ROM version),[A boy],unavailable,P017,,,*TRUE if Translated-title identical*,1999,Falownug,,,,,,,Falownug,,,,,"UH Social Science Research Institute (SSRI), University of Hawaii at Manoa",Pacific Area Language Materials Development Center,n/a,Yapese,yap,,,Yap,Yap State,,,,, ,,,"This title is part of the PALM (Pacific Area Languages Materials) collection, a series of literacy and educational resources produced mainly in the 1970s–1990s to support learning in the indigenous languages of Micronesia. While PALM books often feature short narratives or culturally grounded lessons with simple illustrations, the series also includes translated foreign stories—such as fairytales and fables—and a range of non-fiction texts. Written entirely in Yapese and intended for elementary students, this book supports reading fluency, vocabulary development, and cultural relevance by providing accessible, locally meaningful texts within a structured instructional sequence.",  ,Y,"PDF created by iREi (2025) by extracting and formatting content from the PALM CD-ROM (1999), a collection of educational materials in Carolinian, Chamorro, Chuukese, Kosraen, Marshallese, Palauan, Pohnpeian, Samoan, Ulithian, Woleaian, and Yapese languages.T",PALM CD - Yapese - Boechii pagel,PALM CD - Yapese - Boechii pagel,TRUE,,,,,,irei@islandresearch.org,https://uhawaii-manoa.primo.exlibrisgroup.com/permalink/01UHAWAII_MANOA/1j16209/alma9921588724605682,,http://library.comfsm.fm/webopac/titleinfo?k1=1043599&k2=51499,,,,,,,,,,
P018-a,Literacy development,Narrative readers,Developing and fluent readers,Everyday story,,,PALM trial,Comic,Boechii piin ngea ba wolf ngea l'agruw kea flooreas,(trial version),"[A girl, a wolf, and two flower trees]",YJC6c,P018,,,*TRUE if Translated-title identical*,1979,Pin,,,,,,,Pin,,,,,"UH Social Science Research Institute (SSRI), University of Hawaii at Manoa",Pacific Area Language Materials Development Center,10,Yapese,yap,,,Yap,Yap State,,,,, ,"""Trial version"" stamped on covers.",,"This title is part of the PALM (Pacific Area Languages Materials) collection, a series of literacy and educational resources produced mainly in the 1970s–1990s to support learning in the indigenous languages of Micronesia. While PALM books often feature short narratives or culturally grounded lessons with simple illustrations, the series also includes translated foreign stories—such as fairytales and fables—and a range of non-fiction texts. Written entirely in Yapese and intended for elementary students, this book supports reading fluency, vocabulary development, and cultural relevance by providing accessible, locally meaningful texts within a structured instructional sequence.",  ,N,,,,TRUE,,,,,,irei@islandresearch.org,https://uhawaii-manoa.primo.exlibrisgroup.com/permalink/01UHAWAII_MANOA/1j16209/alma998597034605682,,https://library.comfsm.fm/webopac/titleinfo?highlight=yes&adv=1&k2=385918,,,,,,,,,,
P018-c,Literacy development,Narrative readers,Developing and fluent readers,Everyday story,,,PALM final,Comic,Boechii piin ngea ba wolf ngea l'agruw kea flooreas,/final version/,"[A girl, a wolf, and two flower trees]",YJC6c,P018,,,*TRUE if Translated-title identical*,1980,Pin,,,,,,,Pin,,,,,"UH Social Science Research Institute (SSRI), University of Hawaii at Manoa",Pacific Area Language Materials Development Center,10,Yapese,yap,,,Yap,Yap State,,,,, ,,,"This title is part of the PALM (Pacific Area Languages Materials) collection, a series of literacy and educational resources produced mainly in the 1970s–1990s to support learning in the indigenous languages of Micronesia. While PALM books often feature short narratives or culturally grounded lessons with simple illustrations, the series also includes translated foreign stories—such as fairytales and fables—and a range of non-fiction texts. Written entirely in Yapese and intended for elementary students, this book supports reading fluency, vocabulary development, and cultural relevance by providing accessible, locally meaningful texts within a structured instructional sequence.",  ,Y,"PDF created by iREi (2025). Digitized from a hard copy courtesy of the Micronesian Seminar Library, with special thanks to librarian Melba Veloso. Scanning conducted by Aden Suwel and Koh Ming Wei in Yap in March 2025.",PALM - Printed - YAPESE - Boechii piin ngea ba wolf ngea l'agruw kea flooreas,PALM - Printed - YAPESE - Boechii piin ngea ba wolf ngea l'agruw kea flooreas,TRUE,,,,,,irei@islandresearch.org,Not available in this library.,https://uhawaii-manoa.primo.exlibrisgroup.com/permalink/01UHAWAII_MANOA/1j16209/alma998597034605682,Not available in this library.,https://library.comfsm.fm/webopac/titleinfo?highlight=yes&adv=1&k2=385918,,,,,,,,,
P018-d,Literacy development,Narrative readers,Developing and fluent readers,Everyday story,,,PALM CD,CD-ROM  ,Boechii piin ngea ba wolf ngea l'agruw kea flooreas,(CD-ROM version),"[A girl, a wolf, and two flower trees]",YJC6c,P018,,,*TRUE if Translated-title identical*,1999,Pin,,,,,,,Pin,,,,,"UH Social Science Research Institute (SSRI), University of Hawaii at Manoa",Pacific Area Language Materials Development Center,n/a,Yapese,yap,,,Yap,Yap State,,,,, ,,,"This title is part of the PALM (Pacific Area Languages Materials) collection, a series of literacy and educational resources produced mainly in the 1970s–1990s to support learning in the indigenous languages of Micronesia. While PALM books often feature short narratives or culturally grounded lessons with simple illustrations, the series also includes translated foreign stories—such as fairytales and fables—and a range of non-fiction texts. Written entirely in Yapese and intended for elementary students, this book supports reading fluency, vocabulary development, and cultural relevance by providing accessible, locally meaningful texts within a structured instructional sequence.",  ,Y,"PDF created by iREi (2025) by extracting and formatting content from the PALM CD-ROM (1999), a collection of educational materials in Carolinian, Chamorro, Chuukese, Kosraen, Marshallese, Palauan, Pohnpeian, Samoan, Ulithian, Woleaian, and Yapese languages.T",PALM CD - Yapese - Boechii piin ngea ba wolf ngea l'agruw kea flooreas,PALM CD - Yapese - Boechii piin ngea ba wolf ngea l'agruw kea flooreas,TRUE,,,,,,irei@islandresearch.org,https://uhawaii-manoa.primo.exlibrisgroup.com/permalink/01UHAWAII_MANOA/1j16209/alma9921588724605682,,http://library.comfsm.fm/webopac/titleinfo?k1=1043599&k2=51499,,,,,,,,,,
P019-a,Literacy development,Narrative readers,Developing and fluent readers,Everyday story,,,PALM trial,Comic,Boechii tiir ni ba balyaang,(trial version),[A naughty kid],YJC6d,P019,,,*TRUE if Translated-title identical*,1979,Tinngin,,,,,,,Tinngin,,,,,"UH Social Science Research Institute (SSRI), University of Hawaii at Manoa",Pacific Area Language Materials Development Center,9,Yapese,yap,,,Yap,Yap State,,,,, ,"""Trial version"" stamped on covers.",,"This title is part of the PALM (Pacific Area Languages Materials) collection, a series of literacy and educational resources produced mainly in the 1970s–1990s to support learning in the indigenous languages of Micronesia. While PALM books often feature short narratives or culturally grounded lessons with simple illustrations, the series also includes translated foreign stories—such as fairytales and fables—and a range of non-fiction texts. Written entirely in Yapese and intended for elementary students, this book supports reading fluency, vocabulary development, and cultural relevance by providing accessible, locally meaningful texts within a structured instructional sequence.",  ,Y,"PDF created by iREi (2025). Digitized from a hard copy courtesy of the COM-FSM Library, with special thanks to librarian Scarlett Lebehn. Scanning conducted by Belinda Welles in Pohnpei in September 2025.",PALM - Printed [Trial version] - YAPESE - Boechi Tiir Ni Ba Balyaang (YJC6d),PALM - Printed [Trial version] - YAPESE - Boechi Tiir Ni Ba Balyaang (YJC6d),TRUE,,,,,,irei@islandresearch.org,https://uhawaii-manoa.primo.exlibrisgroup.com/permalink/01UHAWAII_MANOA/1j16209/alma998597034605682,,https://library.comfsm.fm/webopac/titleinfo?highlight=yes&adv=1&k2=385918,,,,,,,,,,
P019-d,Literacy development,Narrative readers,Developing and fluent readers,Everyday story,,,PALM CD,CD-ROM  ,Boechii tiir ni ba balyaang,(CD-ROM version),[A naughty kid],YJC6d,P019,,,*TRUE if Translated-title identical*,1999,Tinngin,,,,,,,Tinngin,,,,,"UH Social Science Research Institute (SSRI), University of Hawaii at Manoa",Pacific Area Language Materials Development Center,n/a,Yapese,yap,,,Yap,Yap State,,,,, ,,,"This title is part of the PALM (Pacific Area Languages Materials) collection, a series of literacy and educational resources produced mainly in the 1970s–1990s to support learning in the indigenous languages of Micronesia. While PALM books often feature short narratives or culturally grounded lessons with simple illustrations, the series also includes translated foreign stories—such as fairytales and fables—and a range of non-fiction texts. Written entirely in Yapese and intended for elementary students, this book supports reading fluency, vocabulary development, and cultural relevance by providing accessible, locally meaningful texts within a structured instructional sequence.",  ,Y,"PDF created by iREi (2025) by extracting and formatting content from the PALM CD-ROM (1999), a collection of educational materials in Carolinian, Chamorro, Chuukese, Kosraen, Marshallese, Palauan, Pohnpeian, Samoan, Ulithian, Woleaian, and Yapese languages.T",PALM CD - Yapese - Boechii tiir ni ba balyaang,PALM CD - Yapese - Boechii tiir ni ba balyaang,TRUE,,,,,,irei@islandresearch.org,https://uhawaii-manoa.primo.exlibrisgroup.com/permalink/01UHAWAII_MANOA/1j16209/alma9921588724605682,,http://library.comfsm.fm/webopac/titleinfo?k1=1043599&k2=51499,,,,,,,,,,
P020-a,Literacy development,Narrative readers,Developing and fluent readers,Animal story,,,PALM trial,Booklet,Boroq ngea galip,(trial version),[Rat and a crab],unavailable,P020,,,*TRUE if Translated-title identical*,1980,,,,"Chingyan, John M.",retold by,,,"Fithing, Robert",,,,,"UH Social Science Research Institute (SSRI), University of Hawaii at Manoa",Pacific Area Language Materials Development Center,unknown,Yapese,yap,,,Yap,Yap State,,,,,,"""Trial version"" stamped on covers.",,"This title is part of the PALM (Pacific Area Languages Materials) collection, a series of literacy and educational resources produced mainly in the 1970s–1990s to support learning in the indigenous languages of Micronesia. While PALM books often feature short narratives or culturally grounded lessons with simple illustrations, the series also includes translated foreign stories—such as fairytales and fables—and a range of non-fiction texts. Written entirely in Yapese and intended for elementary students, this book supports reading fluency, vocabulary development, and cultural relevance by providing accessible, locally meaningful texts within a structured instructional sequence.",  ,N,,, ,FALSE,,,,,,irei@islandresearch.org,https://uhawaii-manoa.primo.exlibrisgroup.com/permalink/01UHAWAII_MANOA/1j16209/alma999198394605682,,Not available in this library.,,,,,,,,,,
P020-d,Literacy development,Narrative readers,Developing and fluent readers,Animal story,,,PALM CD,CD-ROM  ,Boroq ngea galip,(CD-ROM version),[Rat and a crab],unavailable,P020,,,*TRUE if Translated-title identical*,1999,,,,"Chingyan, John M.",retold by,,,"Fithing, Robert",,,,,"UH Social Science Research Institute (SSRI), University of Hawaii at Manoa",Pacific Area Language Materials Development Center,n/a,Yapese,yap,,,Yap,Yap State,,,,,,,,"This title is part of the PALM (Pacific Area Languages Materials) collection, a series of literacy and educational resources produced mainly in the 1970s–1990s to support learning in the indigenous languages of Micronesia. While PALM books often feature short narratives or culturally grounded lessons with simple illustrations, the series also includes translated foreign stories—such as fairytales and fables—and a range of non-fiction texts. Written entirely in Yapese and intended for elementary students, this book supports reading fluency, vocabulary development, and cultural relevance by providing accessible, locally meaningful texts within a structured instructional sequence.",  ,Y,"PDF created by iREi (2025) by extracting and formatting content from the PALM CD-ROM (1999), a collection of educational materials in Carolinian, Chamorro, Chuukese, Kosraen, Marshallese, Palauan, Pohnpeian, Samoan, Ulithian, Woleaian, and Yapese languages.T",PALM CD - Yapese - Boroq ngea galip,PALM CD - Yapese - Boroq ngea galip,TRUE,,,,,,irei@islandresearch.org,https://uhawaii-manoa.primo.exlibrisgroup.com/permalink/01UHAWAII_MANOA/1j16209/alma9921588724605682,,http://library.comfsm.fm/webopac/titleinfo?k1=1043599&k2=51499,,,,,,,,,,
P021-a,Literacy development,Narrative readers,Developing and fluent readers,Folk tale,,,PALM trial,Booklet,Cheeriei! Cheeriei!,(trial version),[Help me! Help me!],TAW6,P021,,,*TRUE if Translated-title identical*,1978,,,,"William, Alvios",adapted by,,,"Santos, Ioannis S.",,,,,"UH Social Science Research Institute (SSRI), University of Hawaii at Manoa",Pacific Area Language Materials Development Center,unknown,Chuukese,chk,,,Chuuk Lagoon,Chuuk State,,,,, ,"""Trial version"" stamped on covers.",,"This title is part of the PALM (Pacific Area Languages Materials) collection, a series of literacy and educational resources produced mainly in the 1970s–1990s to support learning in the indigenous languages of Micronesia. While PALM books often feature short narratives or culturally grounded lessons with simple illustrations, the series also includes translated foreign stories—such as fairytales and fables—and a range of non-fiction texts. Written entirely in Chuukese and intended for elementary students, this book supports reading fluency, vocabulary development, and cultural relevance by providing accessible, locally meaningful texts within a structured instructional sequence.",  ,N,,,,TRUE,,,,,,irei@islandresearch.org,https://uhawaii-manoa.primo.exlibrisgroup.com/permalink/01UHAWAII_MANOA/1j16209/alma998595934605682,,https://library.comfsm.fm/webopac/titleinfo?highlight=yes&adv=1&k2=150650,,,,,,,,,,
P021-d,Literacy development,Narrative readers,Developing and fluent readers,Folk tale,,,PALM CD,CD-ROM  ,Cheeriei! Cheeriei!,(CD-ROM version),[Help me! Help me!],TAW6,P021,,,*TRUE if Translated-title identical*,1999,,,,"William, Alvios",adapted by,,,"Santos, Ioannis S.",,,,,"UH Social Science Research Institute (SSRI), University of Hawaii at Manoa",Pacific Area Language Materials Development Center,n/a,Chuukese,chk,,,Chuuk Lagoon,Chuuk State,,,,, ,,,"This title is part of the PALM (Pacific Area Languages Materials) collection, a series of literacy and educational resources produced mainly in the 1970s–1990s to support learning in the indigenous languages of Micronesia. While PALM books often feature short narratives or culturally grounded lessons with simple illustrations, the series also includes translated foreign stories—such as fairytales and fables—and a range of non-fiction texts. Written entirely in Chuukese and intended for elementary students, this book supports reading fluency, vocabulary development, and cultural relevance by providing accessible, locally meaningful texts within a structured instructional sequence.",  ,Y,"PDF created by iREi (2025) by extracting and formatting content from the PALM CD-ROM (1999), a collection of educational materials in Carolinian, Chamorro, Chuukese, Kosraen, Marshallese, Palauan, Pohnpeian, Samoan, Ulithian, Woleaian, and Yapese languages.T",PALM CD - Chuukese - Cheeriei! Cheeriei!,PALM CD - Chuukese - Cheeriei! Cheeriei!,TRUE,,,,,,irei@islandresearch.org,https://uhawaii-manoa.primo.exlibrisgroup.com/permalink/01UHAWAII_MANOA/1j16209/alma9921588724605682,,http://library.comfsm.fm/webopac/titleinfo?k1=1043599&k2=51499,,,,,,,,,,
P022-c,Literacy development,Narrative readers,Emerging and early readers,Animal story,,,PALM final,Booklet,Chepe me reeli,/final version/,[Bigeye trevally and gray chub],unavailable,P022,,,*TRUE if Translated-title identical*,1979,"Tawerilmang, Anthony F.",,,,,,,"Uolai, Augustin",,,,,"UH Social Science Research Institute (SSRI), University of Hawaii at Manoa",Pacific Area Language Materials Development Center,unknown,Woleaian,woe,,,Woleai; Ifalik; Lamotrek; Elato; Faraulep,Yap State,,,,, ,,,"This title is part of the PALM (Pacific Area Languages Materials) collection, a series of literacy and educational resources produced mainly in the 1970s–1990s to support learning in the indigenous languages of Micronesia. While PALM books often feature short narratives or culturally grounded lessons with simple illustrations, the series also includes translated foreign stories—such as fairytales and fables—and a range of non-fiction texts. Written entirely in Woleaian and intended for elementary students, this book supports reading fluency, vocabulary development, and cultural relevance by providing accessible, locally meaningful texts within a structured instructional sequence.",  ,N,,,,TRUE,,,,,,irei@islandresearch.org,https://uhawaii-manoa.primo.exlibrisgroup.com/permalink/01UHAWAII_MANOA/1j16209/alma998595934605682,,https://library.comfsm.fm/webopac/titleinfo?highlight=yes&adv=1&k2=150714,,,,,,,,,,
P022-d,Literacy development,Narrative readers,Emerging and early readers,Animal story,,,PALM CD,CD-ROM  ,Chepe me reeli,(CD-ROM version),[Bigeye trevally and gray chub],unavailable,P022,,,*TRUE if Translated-title identical*,1999,"Tawerilmang, Anthony F.",,,,,,,"Uolai, Augustin",,,,,"UH Social Science Research Institute (SSRI), University of Hawaii at Manoa",Pacific Area Language Materials Development Center,n/a,Woleaian,woe,,,Woleai; Ifalik; Lamotrek; Elato; Faraulep,Yap State,,,,, ,,,"This title is part of the PALM (Pacific Area Languages Materials) collection, a series of literacy and educational resources produced mainly in the 1970s–1990s to support learning in the indigenous languages of Micronesia. While PALM books often feature short narratives or culturally grounded lessons with simple illustrations, the series also includes translated foreign stories—such as fairytales and fables—and a range of non-fiction texts. Written entirely in Woleaian and intended for elementary students, this book supports reading fluency, vocabulary development, and cultural relevance by providing accessible, locally meaningful texts within a structured instructional sequence.",  ,Y,"PDF created by iREi (2025) by extracting and formatting content from the PALM CD-ROM (1999), a collection of educational materials in Carolinian, Chamorro, Chuukese, Kosraen, Marshallese, Palauan, Pohnpeian, Samoan, Ulithian, Woleaian, and Yapese languages.T",PALM CD - Woleaian - Chepe me reeli,PALM CD - Woleaian - Chepe me reeli,TRUE,,,,,,irei@islandresearch.org,https://uhawaii-manoa.primo.exlibrisgroup.com/permalink/01UHAWAII_MANOA/1j16209/alma9921588724605682,,http://library.comfsm.fm/webopac/titleinfo?k1=1043599&k2=51499,,,,,,,,,,
P023-a,Knowledge expansion,Content readers,Science,Life sciences and environment,,,PALM trial,Booklet,Chiechiach kewe  ,(trial version),[Our friends],TCC4,P023,,,*TRUE if Translated-title identical*,1980,"Cheipot, Chirano",,,,,,,"Nakamura, Deby",,,,,"UH Social Science Research Institute (SSRI), University of Hawaii at Manoa",Pacific Area Language Materials Development Center,5,Chuukese,chk,,,Chuuk Lagoon,Chuuk State,,,,, ,"""Trial version"" stamped on covers.",,"This title is part of the PALM (Pacific Area Languages Materials) collection, a series of literacy and educational resources produced mainly in the 1970s–1990s to support learning in the indigenous languages of Micronesia. While PALM books often feature short narratives or culturally grounded lessons with simple illustrations, the series also includes translated foreign stories—such as fairytales and fables—and a range of non-fiction texts. Written entirely in Chuukese and intended for elementary students, this book supports reading fluency, vocabulary development, and cultural relevance by providing accessible, locally meaningful texts within a structured instructional sequence.",  ,Y,PDF downloaded by iREi (2025) from UH Scholar Space (https://hdl.handle.net/10125/42190).,PALM - Printed [Trial version] - CHUUKESE - Chiechiach Kewe TCC 4,PALM - Printed [Trial version] - CHUUKESE - Chiechiach Kewe TCC 4,TRUE,,,,,,irei@islandresearch.org,https://uhawaii-manoa.primo.exlibrisgroup.com/permalink/01UHAWAII_MANOA/1j16209/alma995355794605682,,Not available in this library.,,,,,,,,,,
P023-d,Knowledge expansion,Content readers,Science,Life sciences and environment,,,PALM CD,CD-ROM  ,Chiechiach kewe,(CD-ROM version),[Our friends],TCC4,P023,,,*TRUE if Translated-title identical*,1999,"Cheipot, Chirano",,,,,,,"Nakamura, Deby",,,,,"UH Social Science Research Institute (SSRI), University of Hawaii at Manoa",Pacific Area Language Materials Development Center,n/a,Chuukese,chk,,,Chuuk Lagoon,Chuuk State,,,,, ,,,"This title is part of the PALM (Pacific Area Languages Materials) collection, a series of literacy and educational resources produced mainly in the 1970s–1990s to support learning in the indigenous languages of Micronesia. While PALM books often feature short narratives or culturally grounded lessons with simple illustrations, the series also includes translated foreign stories—such as fairytales and fables—and a range of non-fiction texts. Written entirely in Chuukese and intended for elementary students, this book supports reading fluency, vocabulary development, and cultural relevance by providing accessible, locally meaningful texts within a structured instructional sequence.",  ,Y,"PDF created by iREi (2025) by extracting and formatting content from the PALM CD-ROM (1999), a collection of educational materials in Carolinian, Chamorro, Chuukese, Kosraen, Marshallese, Palauan, Pohnpeian, Samoan, Ulithian, Woleaian, and Yapese languages.T",PALM CD - Chuukese - Chiechiach kewe,PALM CD - Chuukese - Chiechiach kewe,TRUE,,,,,,irei@islandresearch.org,https://uhawaii-manoa.primo.exlibrisgroup.com/permalink/01UHAWAII_MANOA/1j16209/alma9921588724605682,,http://library.comfsm.fm/webopac/titleinfo?k1=1043599&k2=51499,,,,,,,,,,
P024-a,Literacy development,Narrative readers,Developing and fluent readers,Folk tale,,,PALM trial,Booklet,Choen ea moesiik nu Qokiif,(trial version),[A crew of musicians (O'Keefe's band)],unavailable,P024,,,*TRUE if Translated-title identical*,1979,,,,"Yiftheg, Bernard",translated by,,,"Buccholz, Donald L.",,,,,"UH Social Science Research Institute (SSRI), University of Hawaii at Manoa",Pacific Area Language Materials Development Center,unknown,Yapese,yap,,,Yap,Yap State,,,,, ,"""Trial version"" stamped on covers.",,"This title is part of the PALM (Pacific Area Languages Materials) collection, a series of literacy and educational resources produced mainly in the 1970s–1990s to support learning in the indigenous languages of Micronesia. While PALM books often feature short narratives or culturally grounded lessons with simple illustrations, the series also includes translated foreign stories—such as fairytales and fables—and a range of non-fiction texts. Written entirely in Yapese and intended for elementary students, this book supports reading fluency, vocabulary development, and cultural relevance by providing accessible, locally meaningful texts within a structured instructional sequence.",  ,N,,,,TRUE,,,,,,irei@islandresearch.org,https://uhawaii-manoa.primo.exlibrisgroup.com/permalink/01UHAWAII_MANOA/1j16209/alma998597064605682,,https://library.comfsm.fm/webopac/titleinfo?highlight=yes&adv=1&k2=150717,,,,,,,,,,
P024-d,Literacy development,Narrative readers,Developing and fluent readers,Folk tale,,,PALM CD,CD-ROM  ,Choen ea moesiik nu Qokiif,(CD-ROM version),[A crew of musicians (O'Keefe's band)],unavailable,P024,,,*TRUE if Translated-title identical*,1999,,,,"Yiftheg, Bernard",translated by,,,"Buccholz, Donald L.",,,,,"UH Social Science Research Institute (SSRI), University of Hawaii at Manoa",Pacific Area Language Materials Development Center,n/a,Yapese,yap,,,Yap,Yap State,,,,, ,,,"This title is part of the PALM (Pacific Area Languages Materials) collection, a series of literacy and educational resources produced mainly in the 1970s–1990s to support learning in the indigenous languages of Micronesia. While PALM books often feature short narratives or culturally grounded lessons with simple illustrations, the series also includes translated foreign stories—such as fairytales and fables—and a range of non-fiction texts. Written entirely in Yapese and intended for elementary students, this book supports reading fluency, vocabulary development, and cultural relevance by providing accessible, locally meaningful texts within a structured instructional sequence.",  ,Y,"PDF created by iREi (2025) by extracting and formatting content from the PALM CD-ROM (1999), a collection of educational materials in Carolinian, Chamorro, Chuukese, Kosraen, Marshallese, Palauan, Pohnpeian, Samoan, Ulithian, Woleaian, and Yapese languages.T",PALM CD - Yapese - Choen ea moesiik nu Qokiif,PALM CD - Yapese - Choen ea moesiik nu Qokiif,TRUE,,,,,,irei@islandresearch.org,https://uhawaii-manoa.primo.exlibrisgroup.com/permalink/01UHAWAII_MANOA/1j16209/alma9921588724605682,,http://library.comfsm.fm/webopac/titleinfo?k1=1043599&k2=51499,,,,,,,,,,
P025-a,Literacy development,Narrative readers,Developing and fluent readers,Animal story,,,PALM trial,Booklet,Dahk emen oh karahs emen weir  ,(trial version),[Race between a crab and a needlefish],PoOJ22,P025,,,*TRUE if Translated-title identical*,1979,"Uolai, Augustin",,,"Johnny, Oliver",translated by,,,"Woo, Eric",,,,,"UH Social Science Research Institute (SSRI), University of Hawaii at Manoa",Pacific Area Language Materials Development Center,8,Pohnpeian,pon,,,Pohnpei,Pohnpei State,Grade 7,,,, ,"""Trial version"" stamped on covers.",,"This title is part of the PALM (Pacific Area Languages Materials) collection, a series of literacy and educational resources produced mainly in the 1970s–1990s to support learning in the indigenous languages of Micronesia. While PALM books often feature short narratives or culturally grounded lessons with simple illustrations, the series also includes translated foreign stories—such as fairytales and fables—and a range of non-fiction texts. Written entirely in Pohnpeian and intended for elementary students, this book supports reading fluency, vocabulary development, and cultural relevance by providing accessible, locally meaningful texts within a structured instructional sequence.",  ,Y,"PDF created by iREi (2025). Digitized from a hard copy courtesy of the COM-FSM Library, with special thanks to librarian Bruce E. Robery. DSLR-based scanning conducted by Danko Taboroši in Pohnpei from 2015 to 2019.",PALM - Printed [Trial version] - POHNPEIAN - Dahk Emen Oh Karahs Emen Weir - Level7,PALM - Printed [Trial version] - POHNPEIAN - Dahk Emen Oh Karahs Emen Weir - Level7,TRUE,,,,,,irei@islandresearch.org,https://uhawaii-manoa.primo.exlibrisgroup.com/permalink/01UHAWAII_MANOA/1j16209/alma998592794605682,,https://library.comfsm.fm/webopac/titleinfo?highlight=yes&adv=1&k2=64924,,,,,,,,,,
P025-d,Literacy development,Narrative readers,Developing and fluent readers,Animal story,,,PALM CD,CD-ROM  ,Dahk emen oh karahs emen weir,(CD-ROM version),[Race between a crab and a needlefish],PoOJ22,P025,,,*TRUE if Translated-title identical*,1999,"Uolai, Augustin",,,"Johnny, Oliver",translated by,,,"Woo, Eric",,,,,"UH Social Science Research Institute (SSRI), University of Hawaii at Manoa",Pacific Area Language Materials Development Center,n/a,Pohnpeian,pon,,,Pohnpei,Pohnpei State,Grade 7,,,, ,,,"This title is part of the PALM (Pacific Area Languages Materials) collection, a series of literacy and educational resources produced mainly in the 1970s–1990s to support learning in the indigenous languages of Micronesia. While PALM books often feature short narratives or culturally grounded lessons with simple illustrations, the series also includes translated foreign stories—such as fairytales and fables—and a range of non-fiction texts. Written entirely in Pohnpeian and intended for elementary students, this book supports reading fluency, vocabulary development, and cultural relevance by providing accessible, locally meaningful texts within a structured instructional sequence.",  ,Y,"PDF created by iREi (2025) by extracting and formatting content from the PALM CD-ROM (1999), a collection of educational materials in Carolinian, Chamorro, Chuukese, Kosraen, Marshallese, Palauan, Pohnpeian, Samoan, Ulithian, Woleaian, and Yapese languages.T",PALM CD - Pohnpeian - Dahk emen oh karahs emen weir,PALM CD - Pohnpeian - Dahk emen oh karahs emen weir,TRUE,,,,,,irei@islandresearch.org,https://uhawaii-manoa.primo.exlibrisgroup.com/permalink/01UHAWAII_MANOA/1j16209/alma9921588724605682,,http://library.comfsm.fm/webopac/titleinfo?k1=1043599&k2=51499,,,,,,,,,,
P026-a,Knowledge expansion,Content readers,Science,Life sciences and environment,,,PALM trial,Booklet,Dahme e kin uhd kang,(trial version),[What eats what?],PoOJ25,P026,,,*TRUE if Translated-title identical*,1980,"Sakuma, Miriam U.",,,"Johnny, Oliver",translated by,,,"Fujioka, Calvin A.",,,,,"UH Social Science Research Institute (SSRI), University of Hawaii at Manoa",Pacific Area Language Materials Development Center,16,Pohnpeian,pon,,,Pohnpei,Pohnpei State,,,,, ,"""Trial version"" stamped on covers.",,"This title is part of the PALM (Pacific Area Languages Materials) collection, a series of literacy and educational resources produced mainly in the 1970s–1990s to support learning in the indigenous languages of Micronesia. While PALM books often feature short narratives or culturally grounded lessons with simple illustrations, the series also includes translated foreign stories—such as fairytales and fables—and a range of non-fiction texts. Written entirely in Pohnpeian and intended for elementary students, this book supports reading fluency, vocabulary development, and cultural relevance by providing accessible, locally meaningful texts within a structured instructional sequence.",  ,Y,"PDF created by iREi (2025). Digitized from a hard copy courtesy of the COM-FSM Library, with special thanks to librarian Bruce E. Robery. DSLR-based scanning conducted by Danko Taboroši in Pohnpei from 2015 to 2019.",PALM - Printed [Trial version] - POHNPEIAN - Dahme e Kin Uhd Kang,PALM - Printed [Trial version] - POHNPEIAN - Dahme e Kin Uhd Kang,TRUE,,,,,,irei@islandresearch.org,https://uhawaii-manoa.primo.exlibrisgroup.com/permalink/01UHAWAII_MANOA/1j16209/alma995329914605682,,https://library.comfsm.fm/webopac/titleinfo?highlight=yes&adv=1&k2=147717,,,,,,,,,,
P026-d,Knowledge expansion,Content readers,Science,Life sciences and environment,,,PALM CD,CD-ROM  ,Dahme e kin uhd kang,(CD-ROM version),[What eats what?],PoOJ25,P026,,,*TRUE if Translated-title identical*,1999,"Sakuma, Miriam U.",,,"Johnny, Oliver",translated by,,,"Fujioka, Calvin A.",,,,,"UH Social Science Research Institute (SSRI), University of Hawaii at Manoa",Pacific Area Language Materials Development Center,n/a,Pohnpeian,pon,,,Pohnpei,Pohnpei State,,,,, ,,,"This title is part of the PALM (Pacific Area Languages Materials) collection, a series of literacy and educational resources produced mainly in the 1970s–1990s to support learning in the indigenous languages of Micronesia. While PALM books often feature short narratives or culturally grounded lessons with simple illustrations, the series also includes translated foreign stories—such as fairytales and fables—and a range of non-fiction texts. Written entirely in Pohnpeian and intended for elementary students, this book supports reading fluency, vocabulary development, and cultural relevance by providing accessible, locally meaningful texts within a structured instructional sequence.",  ,Y,"PDF created by iREi (2025) by extracting and formatting content from the PALM CD-ROM (1999), a collection of educational materials in Carolinian, Chamorro, Chuukese, Kosraen, Marshallese, Palauan, Pohnpeian, Samoan, Ulithian, Woleaian, and Yapese languages.T",PALM CD - Pohnpeian - Dahme e kin uhd kang,PALM CD - Pohnpeian - Dahme e kin uhd kang,TRUE,,,,,,irei@islandresearch.org,https://uhawaii-manoa.primo.exlibrisgroup.com/permalink/01UHAWAII_MANOA/1j16209/alma9921588724605682,,http://library.comfsm.fm/webopac/titleinfo?k1=1043599&k2=51499,,,,,,,,,,
P027-c,Knowledge expansion,Content readers,Science,Life sciences and environment,,,PALM final,Booklet,Dahme pepper poadki Ponpei,/final version/,[Why is pepper planted on Pohnpei?],unavailable,P027,,,*TRUE if Translated-title identical*,1980,"Manuel, Kolden E.",,,,,,,"Goodenow, Joy L.",,,,,"UH Social Science Research Institute (SSRI), University of Hawaii at Manoa",Pacific Area Language Materials Development Center,12,Pohnpeian,pon,,,Pohnpei,Pohnpei State,,,,, ,,,"This title is part of the PALM (Pacific Area Languages Materials) collection, a series of literacy and educational resources produced mainly in the 1970s–1990s to support learning in the indigenous languages of Micronesia. While PALM books often feature short narratives or culturally grounded lessons with simple illustrations, the series also includes translated foreign stories—such as fairytales and fables—and a range of non-fiction texts. Written entirely in Pohnpeian and intended for elementary students, this book supports reading fluency, vocabulary development, and cultural relevance by providing accessible, locally meaningful texts within a structured instructional sequence.",  ,N,,,,TRUE,,,,,,irei@islandresearch.org,https://uhawaii-manoa.primo.exlibrisgroup.com/permalink/01UHAWAII_MANOA/1j16209/alma995496464605682,,Not available in this library.,,,,,,,,,,
P027-d,Knowledge expansion,Content readers,Science,Life sciences and environment,,,PALM CD,CD-ROM  ,Dahme pepper poadki Ponpei,(CD-ROM version),[Why is pepper planted on Pohnpei?],unavailable,P027,,,*TRUE if Translated-title identical*,1999,"Manuel, Kolden E.",,,,,,,"Goodenow, Joy L.",,,,,"UH Social Science Research Institute (SSRI), University of Hawaii at Manoa",Pacific Area Language Materials Development Center,n/a,Pohnpeian,pon,,,Pohnpei,Pohnpei State,,,,, ,,,"This title is part of the PALM (Pacific Area Languages Materials) collection, a series of literacy and educational resources produced mainly in the 1970s–1990s to support learning in the indigenous languages of Micronesia. While PALM books often feature short narratives or culturally grounded lessons with simple illustrations, the series also includes translated foreign stories—such as fairytales and fables—and a range of non-fiction texts. Written entirely in Pohnpeian and intended for elementary students, this book supports reading fluency, vocabulary development, and cultural relevance by providing accessible, locally meaningful texts within a structured instructional sequence.",  ,Y,"PDF created by iREi (2025) by extracting and formatting content from the PALM CD-ROM (1999), a collection of educational materials in Carolinian, Chamorro, Chuukese, Kosraen, Marshallese, Palauan, Pohnpeian, Samoan, Ulithian, Woleaian, and Yapese languages.T",PALM CD - Pohnpeian - Dahme pepper poadki Ponpei,PALM CD - Pohnpeian - Dahme pepper poadki Ponpei,TRUE,,,,,,irei@islandresearch.org,https://uhawaii-manoa.primo.exlibrisgroup.com/permalink/01UHAWAII_MANOA/1j16209/alma9921588724605682,,http://library.comfsm.fm/webopac/titleinfo?k1=1043599&k2=51499,,,,,,,,,,
P125-a,Core instructional,Textbook readers,Language arts,Reading program,,,PALM trial,Booklet,Kae ngeni kapasen Chuuk  ,(trial version),[Chuukese textbook and workbook],TAWLb,P125,,,*TRUE if Translated-title identical*,1979,"William, Alvios",,,,,,,"Stone, Starla",,,,,"UH Social Science Research Institute (SSRI), University of Hawaii at Manoa",Pacific Area Language Materials Development Center,57,Chuukese,chk,,,Chuuk Lagoon,Chuuk State,,,,"TABLE OF CONTENTS: [1] SINGULAR ME PLURAL ADJECTIVE FORMS -- [2] KAPAS MEI ARAPAKKAN-FFENGEN WEEWEER -- [3] KAPAS WEEWEER MEI APPÉNÚ-FFENGEN -- [4] ITEN ARAMAS, NEENI ME PISEK -- [5] REVIEW -- [6] TEST -- [7] EKKÓÓCH NOUN DETERMINERS (Singular me Plural) -- [8] NOUNS NÓN EWE KINIKININ SUBJECT -- [9] TETTENIN ANFAPET -- [l0] SÓPWOSÓPWUN ATETTENNIN ANFAPET -- [11] APWORAUS WÓÓN METTÓÓCH SIKAN WAAWA -- [12] MAK ESISSIN -- [13] FÉÉRI WIISOMW -- [14] KAPAS MEI PWÁÁRÁÁTÁ WÓÓWÓÓN WÓÓN INISICH -- [15] KAPAS MEI KAWOR SENI MAAN -- [16] KAPAS MEI FITI SUFFIXES -- [17] PROPER NOUNS NÓN KINIKININ SUBJECT -- [18] IIT (Proper Nouns) -- [19] KAPAS MEI FITI NIOOS NÓN DICTIONARY -- [20] REVIEW -- [21] TEST -- [22] APWORAUS USUN MAAN -- [23] FÉÉR ESISSIN -- [24] FÉÉRI, PWOMWONI MEETA WIISOMW -- [25] URUMMOT WÓÓN KAPAS ME IIT -- [26] APWORAUS USUN ARAMAS NÓN NIOOS (Cartoon) -- [27] KAPAS KIICH MEI TOONGENI-FÉÉRI IKÁ PWOMWONI (Verbs) -- [28] FÉÉR NIOOS (Cartoon) -- [29] MAKKEN TAROPWE (Letter Writing) -- [30] MAKKEN FUUTO", ,"""Trial version"" stamped on covers.",,"This title is part of the PALM (Pacific Area Languages Materials) collection, a series of literacy and educational resources produced mainly in the 1970s–1990s to support learning in the indigenous languages of Micronesia. While PALM books often feature short narratives or culturally grounded lessons with simple illustrations, the series also includes translated foreign stories—such as fairytales and fables—and a range of non-fiction texts. Written entirely in Chuukese and intended for elementary students, this book supports reading fluency, vocabulary development, and cultural relevance by providing accessible, locally meaningful texts within a structured instructional sequence.",  ,Y,PDF downloaded by iREi (2025) from UH Scholar Space (https://hdl.handle.net/10125/42190).,PALM - Printed [Trial version] - CHUUKESE - Kae ngeni kapasen chuuk TAWLb,PALM - Printed [Trial version] - CHUUKESE - Kae ngeni kapasen chuuk TAWLb,TRUE,,,,,,irei@islandresearch.org,https://uhawaii-manoa.primo.exlibrisgroup.com/permalink/01UHAWAII_MANOA/1j16209/alma995355764605682,,https://library.comfsm.fm/webopac/titleinfo?highlight=yes&adv=1&k2=385928,,,,,,,,,,
P237-d,Core instructional,Textbook readers,Science,Science,/,/,PALM CD,CD-ROM  ,Nauch bukken science—level 2,(CD-ROM version),[Our science book—level 2],TSc2,P237,,CSCI,*TRUE if Translated-title identical*,1999,"Rosario, Marcus",,,"Cheipot, Chirano",translated by,,,"Fujioka, Calvin A.",,,,,"UH Social Science Research Institute (SSRI), University of Hawaii at Manoa",Pacific Area Language Materials Development Center,n/a,Chuukese,chk,,,Chuuk Lagoon,Chuuk State,,,,TABLE OF CONTENTS: [1] Nónnómwuch Are Manawach Iei Nón Chómmóng Sokkun Napanap -- [2] Nikanúpwún Aach Féún Kaput -- [3] Sipwe Sinei Pwe Mii Uor Akkasiwin, ,,,"This title is part of the PALM (Pacific Area Languages Materials) collection, a series of literacy and educational resources produced mainly in the 1970s–1990s to support learning in the indigenous languages of Micronesia. While PALM books often feature short narratives or culturally grounded lessons with simple illustrations, the series also includes translated foreign stories—such as fairytales and fables—and a range of non-fiction texts. Written entirely in Chuukese and intended for elementary students, this book supports reading fluency, vocabulary development, and cultural relevance by providing accessible, locally meaningful texts within a structured instructional sequence.",  ,Y,"PDF created by iREi (2025) by extracting and formatting content from the PALM CD-ROM (1999), a collection of educational materials in Carolinian, Chamorro, Chuukese, Kosraen, Marshallese, Palauan, Pohnpeian, Samoan, Ulithian, Woleaian, and Yapese languages.T",PALM CD - Chuukese - Nauch bukken science—level 2,PALM CD - Chuukese - Nauch bukken science—level 2,TRUE,,,,,,irei@islandresearch.org,https://uhawaii-manoa.primo.exlibrisgroup.com/permalink/01UHAWAII_MANOA/1j16209/alma9921588724605682,,http://library.comfsm.fm/webopac/titleinfo?k1=1043599&k2=51499,,,,,,,,,,
P190-c,Knowledge expansion,Content readers,Science,Life sciences and environment,,,PALM final,Booklet,Maael moa irea,/final version/,[Collection of stories],UML34,P190,U1,,*TRUE if Translated-title identical*,1987,"Laimoh, Mariano",,,,,,,"Fujioka, Calvin A.","Woo, Eric",,,,"UH Social Science Research Institute (SSRI), University of Hawaii at Manoa",Pacific Area Language Materials Development Center,35,Ulithian,uli,,,Ulithi; Fais,Yap State,,,,TABLE OF CONTENTS: [1] Faediyel maelog be mel boa maelog -- [2] Faediyel wool ma melloah boa slooelaep -- [3] Irea ma tipingich,The three stories comprising this booklet may also appear separately as standalone work in other versions and languages.,,,"This title is part of the PALM (Pacific Area Languages Materials) collection, a series of literacy and educational resources produced mainly in the 1970s–1990s to support learning in the indigenous languages of Micronesia. While PALM books often feature short narratives or culturally grounded lessons with simple illustrations, the series also includes translated foreign stories—such as fairytales and fables—and a range of non-fiction texts. Written entirely in Ulithian and intended for elementary students, this book supports reading fluency, vocabulary development, and cultural relevance by providing accessible, locally meaningful texts within a structured instructional sequence.",  ,Y,PDF downloaded by iREi (2025) from UH Scholar Space (https://hdl.handle.net/10125/42190).,PALM - Printed - ULITHIAN - Maael moa irea UML 34,PALM - Printed - ULITHIAN - Maael moa irea UML 34,TRUE,,,,,,irei@islandresearch.org,https://uhawaii-manoa.primo.exlibrisgroup.com/permalink/01UHAWAII_MANOA/1j16209/alma995434344605682,,Not available in this library.,,,,,,,,,,
P187-c,Literacy development,Narrative readers,Developing and fluent readers,Everyday story,,,PALM final,Booklet,Lupe el kuh in kahskahs,/final version/,[Learning to talk—Little Lupe],KEA26,P187,,,*TRUE if Translated-title identical*,1987,"Asher, Elmer",,,,,,,"Layne, Christopher D.",,,,,"UH Social Science Research Institute (SSRI), University of Hawaii at Manoa",Pacific Area Language Materials Development Center,9,Kosraean,kos,,,Kosrae,Kosrae State,,,,, ,,"Adapted from ""Funny Noa"" by permission of Reed Publishing Co.","This title is part of the PALM (Pacific Area Languages Materials) collection, a series of literacy and educational resources produced mainly in the 1970s–1990s to support learning in the indigenous languages of Micronesia. While PALM books often feature short narratives or culturally grounded lessons with simple illustrations, the series also includes translated foreign stories—such as fairytales and fables—and a range of non-fiction texts. Written entirely in Kosraean and intended for elementary students, this book supports reading fluency, vocabulary development, and cultural relevance by providing accessible, locally meaningful texts within a structured instructional sequence.",  ,Y,PDF downloaded by iREi (2025) from UH Scholar Space (https://hdl.handle.net/10125/42190).,PALM - Printed - KOSRAEAN - Lupe el kuh in kahskahs adapted from Funny Noa KEA 26,PALM - Printed - KOSRAEAN - Lupe el kuh in kahskahs adapted from Funny Noa KEA 26,TRUE,,,,,,irei@islandresearch.org,https://uhawaii-manoa.primo.exlibrisgroup.com/permalink/01UHAWAII_MANOA/1j16209/alma995433614605682,,https://library.comfsm.fm/webopac/titleinfo?highlight=yes&adv=1&k2=150673,,,,,,,,,,
